Version: 2.7.0 | Date: 24 Juni 2026 | PM: Dany Christian | QA: Dany Christian | TechLead: Naftal Yunior
,,,,,,,,,,,,,,,,
,,,,,,,,Checklist Dev & QA,,,,,,,,
,,,,Apps Name,General,Backend,Frontend,QA,,,,,,
,,,,Version: 2.7.0,Review and approve all pull requests,TRUE,Database migrations reviewed and tested.,TRUE,Verify cross-browser compatibility.,TRUE,Functional Testing,TRUE
,,,,Date: 24 Juni 2026,Ensure all unit tests are passing.,FALSE,Backup existing database.,TRUE,Ensure responsiveness on different devices.,TRUE,Regression Testing,FALSE
,,,,,Ensure all integration tests are passing,TRUE,Ensure environment variables are properly configured,TRUE,Check for accessibility compliance.,TRUE,Performance & Stability,FALSE
,,,,,Code review completed and approved by team lead,TRUE,Verify endpoint security and authentication mechanisms.,TRUE,Test new UI components in a staging environment,FALSE,Security Testing,FALSE
,,,,,Update documentation (if necessary),TRUE,Logging and monitoring set up for new endpoints,TRUE,Ensure error handling and user feedback is clear.,TRUE,UI/UX Validation,TRUE
,,,,,Ensure proper versioning (Semantic Versioning),TRUE,Load testing completed and performance verified.,TRUE,Verify integration with backend APIs.,FALSE,API Testing,FALSE
,,,,,,,,,,,,,Smoke Testing,TRUE
,,,,,,,,,,,,,,
FEATURE / BUG,,,,,,,,,,,,,,,
No,Feature,Description,Enhancement,Evidence,Test Results,Notes,Tester,Date,Status,Severity,Browser,Build,ENV,Module,Priority
1,WhatsApp Group Mention,Agent dapat mention participant di WhatsApp Group conversation dengan trigger karakter @. Sistem melakukan search participant by name/phone, insert mention token, dan render highlight. Mendukung multiple mention dalam satu pesan, Internal badge untuk participant internal, mention tooltip, dan permission-based access control.,Penambahan fitur baru - WhatsApp Group mention di chat composer dengan metadata terstruktur untuk outbound dan inbound message.,https://project.ordo.co.id/wp/266,,WhatsApp Group,,,,prod-2.7.0,Staging,WhatsApp Web,P1
2,Settings-Subs-Payment - Invoice Filters & Export Not Working and Tab State Not Reset,Di tab Invoice (Settings - Subscription - Payments), filter search/status/date tidak memfilter data table dan tombol Export tidak berfungsi. Setelah membuat package di Manage Package, redirect ke Invoice tab dan page reload tetap stuck di Invoice (tidak reset ke default Summary).,Bug fix - filter dan export di Invoice tab sudah terhubung ke API query parameters, dan tab state tidak persist across refresh.,https://project.ordo.co.id/wp/1089,,Invoice filter + tab state reset,,,,prod-2.7.0,Staging,Settings,P1
3,Conversation - Reopen with disconnected/deleted WA Web account,Closed conversation dengan WA Web number yang sudah disconnected & deleted masih bisa di-reopen. Seharusnya tampil modal warning: jika ada team inbox assignee dengan WA Web alternatif maka gunakan nomor alternatif; jika tidak ada maka tampil modal error.,Bug fix - validasi WA Web account status saat reopen dengan 4 kondisi (0/1/2/3) sesuai flow team inbox.,https://project.ordo.co.id/wp/1132,,Reopen condition 0/1/2/3,,,,prod-2.7.0,Staging,Conversation,P1
4,Broadcast - Broadcast Can Be Sent Successfully Even When Token Balance Is Rp 0,User dengan token balance Rp 0 masih bisa kirim broadcast dan status muncul Success. Seharusnya sistem block di validation stage dengan pesan "Insufficient token balance to send broadcast" sebelum message processing.,Bug fix - tambah token balance validation sebelum broadcast execution agar billing akurat.,https://project.ordo.co.id/wp/1207,,Token validation gate,,,,prod-2.7.0,Staging,Broadcast,P1
5,Notification - Incorrect Time Display (UTC Instead of Local Time),Notification description untuk subscription update (Manage Package upgrade) menampilkan timestamp dalam UTC, bukan local time zone. Tidak konsisten dengan format timestamp di UI lain.,Bug fix - notification timestamp harus di-convert ke local timezone dengan format yang sama dengan komponen lain.,https://project.ordo.co.id/wp/1572,,TZ conversion + format consistency,,,,prod-2.7.0,Staging,Notification,P2
6,Leads - Visit History - Late and Reschedule Badges Not Properly Arranged,Di Visit History table (Leads), badge "Late" dan label "Reschedule #N" pada Planned column tampil dengan spacing dan arrangement yang kurang rapi.,Bug fix - rapikan layout badge Late + Reschedule label agar UI bersih dan mudah dibaca.,https://project.ordo.co.id/wp/1619,,Badge layout + spacing,,,,prod-2.7.0,Staging,Leads,P3
7,Leads - Visit Detail - Decision Section UI Not Matching Design,Section Decision pada Visit Detail (Leads) tidak sesuai dengan desain Figma. Tata letak, field, atau styling berbeda dari spec.,Bug fix - perbaiki Decision section UI agar match design Figma.,https://project.ordo.co.id/wp/1625,,UI match design,,,,prod-2.7.0,Staging,Leads,P3
8,Analytics - Report Offline - Status Not Updating on Pagination/Navigation,Pada Analytics report offline, status offline report tidak update saat user pagination atau navigasi ke page lain. Status tetap stale sampai refresh manual.,Bug fix - sinkronkan offline report status dengan pagination state dan refresh saat navigasi.,https://project.ordo.co.id/wp/1708,,Report status sync,,,,prod-2.7.0,Staging,Analytics,P2
9,Chatbox Copy Paste from Clipboard,Agent dapat paste image dari clipboard langsung ke Chat Box (tanpa harus lewat Upload Attachment). Mendukung copy paste image yang akan di-attach ke message.,Penambahan fitur baru - clipboard paste image di chat composer dengan handling error jika file kosong.,https://project.ordo.co.id/wp/1757,,Clipboard paste image,,,,prod-2.7.0,Staging,Conversation,P2
10,Ticket List - KPI Card Counter Not Synced During Real-Time Pagination,Pada Ticket List, KPI Card counter (total/active/overdue) tidak sinkron dengan data aktual saat real-time pagination update. Counter bisa stale atau tidak update sampai refresh.,Bug fix - sinkronkan KPI counter dengan real-time ticket list pagination.,https://project.ordo.co.id/wp/1810,,KPI counter sync with real-time update,,,,prod-2.7.0,Staging,Ticket,P1
11,Leads-Add Data - Filter Select - Checkbox Overlaps Text,Pada filter "Lead Contact" di form Add Data Prospect, checkbox overlap dengan text label sehingga susah dibaca.,Bug fix - perbaiki spacing antara checkbox dan label di Lead Contact filter.,https://project.ordo.co.id/wp/1814,,Checkbox-text spacing fix,,,,prod-2.7.0,Staging,Leads,P3
12,Update baileys lib to v7 rc-10,Update dependency baileys (library WhatsApp Web multi-device) dari versi sebelumnya ke v7 rc-10 untuk mendapatkan bug fixes, security patches, dan support protokol terbaru.,Library upgrade - bump baileys ke v7 rc-10 dengan regression test untuk connect/disconnect dan message flow.,https://project.ordo.co.id/wp/1820,,WA Web library upgrade,,,,prod-2.7.0,Staging,WhatsApp Web,P0
13,Leads - Invalid Validation on Company Phone/Email,Pada form New Contact (Leads), field Company Phone Number dan Email/Company Email tidak ada validasi yang ketat, sehingga input invalid (format salah, kosong) bisa tersimpan.,Bug fix - tambah validasi format phone/email di New Contact form Leads.,https://project.ordo.co.id/wp/1823,,Form validation for phone/email,,,,prod-2.7.0,Staging,Leads,P2
14,Leads - Empty State Information Missing in Existing Contact Tab,Pada tab Existing Contact di form Add Prospect (Leads), saat belum ada data atau kosong tidak muncul empty state message/illustration, sehingga user bingung.,Bug fix - tambah empty state dengan icon dan instruksi di Existing Contact tab.,https://project.ordo.co.id/wp/1834,,Empty state illustration + copy,,,,prod-2.7.0,Staging,Leads,P3
15,Mobile - Search Autocomplete Does Not Return Result for Partial Keyword,Pada aplikasi mobile, search autocomplete/filter tidak return result untuk partial keyword match. Hanya exact match yang muncul.,Bug fix - implement fuzzy/partial keyword match di search autocomplete mobile.,https://project.ordo.co.id/wp/1940,,Fuzzy/partial search match (mobile),,,,prod-2.7.0,Staging,Mobile,P2
16,File compatibility - support heic dan heif type,File berformat HEIC dan HEIF (default foto iPhone) tidak bisa di-upload atau di-preview di chat. Hanya JPG/PNG yang bisa.,Penambahan fitur - support upload dan preview file HEIC/HEIF dengan auto-conversion ke format web-compatible.,https://project.ordo.co.id/wp/1959,,HEIC/HEIF upload + preview + conversion,,,,prod-2.7.0,Staging,Conversation,P2
17,Shift Hour - Change shift hour did not effect member,Saat admin mengubah Shift Hour di Settings, perubahan tidak ter-apply ke member yang ada. Member masih menggunakan shift hour lama sampai reset manual.,Bug fix - apply shift hour change ke semua member terkait dan refresh assignment.,https://project.ordo.co.id/wp/1975,,Shift hour propagation to members,,,,prod-2.7.0,Staging,Settings,P1
18,WhatsApp Web - inconsistency account channel status,Status account channel WhatsApp Web di dashboard tidak konsisten dengan state aktual - kadang menampilkan "connected" padahal sudah disconnected, atau sebaliknya.,Bug fix - sinkronkan account channel status dengan real socket state dan heartbeat.,https://project.ordo.co.id/wp/2052,,WA Web channel status sync,,,,prod-2.7.0,Staging,WhatsApp Web,P0
19,WhatsApp - Message utility (contact, poll, event),Agent dapat mengirim message utility WhatsApp dari SatuInbox: Contact card, Poll, dan Event invite. Masing-masing dengan composer yang sesuai dan validasi field.,Penambahan fitur baru - 3 message utility (contact, poll, event) untuk outbound WhatsApp.,https://project.ordo.co.id/wp/2058,,3 WA message utilities (contact, poll, event),,,,prod-2.7.0,Staging,WhatsApp Web,P2
20,Conversation - add event assignBy data,Pada conversation event, tambahkan data "assignBy" untuk track siapa yang melakukan assignment. Data ini masuk ke event payload dan audit log.,Penambahan data - field assignBy di conversation assignment event untuk audit trail.,https://project.ordo.co.id/wp/2112,,assignBy field in event payload + audit log,,,,prod-2.7.0,Staging,Conversation,P3
21,Global search suggestion,Pada global search (top bar), tambahkan suggestion panel yang muncul saat user mengetik. Suggestion berdasarkan recent searches, popular contacts, dan context (current page).,Penambahan fitur baru - suggestion panel untuk global search dengan 3 source: recent, popular, context.,https://project.ordo.co.id/wp/2140,,Global search suggestion panel,,,,prod-2.7.0,Staging,Search,P1
22,Improve ticket room - user can reply message from selected bubble,Di Ticket Room, agent dapat reply message dengan klik bubble message tertentu (quoted reply). Bubble yang dipilih jadi context dan muncul sebagai quoted reference di composer.,Penambahan fitur baru - quoted reply dari selected bubble di Ticket Room dengan visual indicator.,https://project.ordo.co.id/wp/2209,,Quoted reply from message bubble,,,,prod-2.7.0,Staging,Ticket,P2
23,Handle autofill data on mobile (SALES FORM),Pada Sales Form di mobile app, browser autofill meng-overwrite field input yang sebenarnya sudah diisi agent, menyebabkan data jadi salah.,Bug fix - disable browser autofill untuk Sales Form atau tambahkan attribute autocomplete="off" yang benar.,https://project.ordo.co.id/wp/2210,,Autofill prevention on Sales Form (mobile),,,,prod-2.7.0,Staging,Mobile,P2
24,WhatsApp Group Messages - From Certain Participants Not Displayed,Pada WhatsApp Group conversation di SatuInbox, message dari participant tertentu (biasanya yang bukan admin atau non-super-admin group) tidak muncul di chat history. Reply context juga hilang.,Bug fix - fix message ingestion untuk semua participant di WA Group dan preserve reply context.,https://project.ordo.co.id/wp/2216,,WA Group message ingestion + reply context,,,,prod-2.7.0,Staging,WhatsApp Web,P0
25,WhatsApp Group Conversation - Support @All Mention,Pada WhatsApp Group conversation, agent dapat menggunakan @All mention untuk mention semua participant. Mention di-render dan dikirim dengan metadata.,Penambahan fitur - @All mention support di WA Group conversation.,https://project.ordo.co.id/wp/2218,,@All mention in WA Group,,,,prod-2.7.0,Staging,WhatsApp Web,P3
26,Ticket - direct from ticket to conversation result static path URL,Saat agent klik navigasi "direct from ticket to conversation", URL result bersifat static (hardcoded) sehingga tidak bisa navigate ke conversation yang benar. Path URL tidak resolve dengan benar.,Bug fix - fix static path URL dengan dynamic resolve ke conversation id yang benar.,https://project.ordo.co.id/wp/2226,,Dynamic URL resolve for ticket-to-conversation nav,,,,prod-2.7.0,Staging,Ticket,P2
27,WhatsApp API - Conversation Created Without Message,Pada integrasi WhatsApp API, conversation baru kadang dibuat tanpa ada message (empty conversation). Seharusnya tidak ada conversation kosong.,Bug fix - prevent empty conversation creation di WA API integration, hanya create jika ada inbound message.,https://project.ordo.co.id/wp/2227,,Prevent empty conversation creation (WA API),,,,prod-2.7.0,Staging,WhatsApp Web,P1
